Airmass,Magnitude
1.729485,-6.715
1.101937,-7.005
1.090597,-6.998
1.204181,-6.9
