Airmass,Magnitude
1.729485,-8.719
1.101937,-8.977
1.090597,-8.974
1.204181,-8.933
