Airmass,Magnitude
1.729485,-8.422
1.101937,-8.675
1.090597,-8.696
1.204181,-8.65
