Airmass,Magnitude
1.729485,-8.45
1.101937,-8.726
1.090597,-8.718
1.204181,-8.684
