Color_index,y,
1.081,22.29083846,B
1.081,22.30908496,B
1.081,22.18550233,B
1.134,22.631,C
1.134,22.759,C
1.134,23.015,C
1.134,23.029,C
1.134,22.987,C
0.873,22.637,A
0.873,22.773,A
0.873,22.994,A
0.873,23.038,A
0.873,22.987,A
-0.974,22.619,PG
-0.974,22.895,PG
-0.974,22.904,PG
-0.974,22.855,PG
0.535,22.538,D
0.535,22.666,D
