Color_index,y,#
1.015,25.268,A
1.015,25.454,A
1.015,25.445,A
1.09,25.02974649,B
1.09,25.40591512,B
1.09,25.34506848,B
1.138,25.639,C
1.138,25.834,C
1.138,25.813,C
-0.212,23.223,PG
-0.212,23.421,PG
-0.212,23.368,PG
0.65,24.519,D
