Color_index,y,
1.081,11.1220910005,B
1.081,11.1144499321,B
1.081,11.1066497101,B
1.081,11.1137298173,B
1.134,10.9060910005,C
1.134,10.8934499321,C
1.134,10.9096497101,C
1.134,10.9117298173,C
0.873,8.8250910005,A
0.873,8.8494499321,A
0.873,8.8376497101,A
0.873,8.7877298173,A
-0.974,8.8970910005,PG
-0.974,8.9074499321,PG
-0.974,8.8946497101,PG
-0.974,8.9087298173,PG
