Color_index,y,#
1.09,14.153790896331,B
1.09,14.1434738534,B
1.09,14.1562609351,B
1.138,14.040790896331,C
1.138,14.0434738534,C
1.138,14.0612609351,C
1.015,11.521790896331,A
1.015,11.5084738534,A
1.015,11.5412609351,A
-0.212,8.79979089633104,PG
-0.212,8.8044738534,PG
-0.212,8.7872609351,PG
