Color_index,y,
0.59,13.1483860961912,B
0.59,13.237226489,B
0.59,13.2431667845,B
0.59,13.2465827975,B
0.59,13.262920598,B
0.618,12.9933860961912,C
0.618,13.078226489,C
0.618,13.0861667845,C
0.618,13.0905827975,C
0.618,13.121920598,C
0.505,10.5163860961912,A
0.505,10.605226489,A
0.505,10.6031667845,A
0.505,10.6015827975,A
0.505,10.609920598,A
-0.093,9.202226489,PG
-0.093,9.1951667845,PG
-0.093,9.1945827975,PG
-0.093,9.206920598,PG
