Airmass,Magnitude
1.790322,-8.783
1.698874,-8.89
1.099077,-9.007
1.096135,-9.006
1.208668,-8.992
