Airmass,Magnitude
1.790322,-11.122
1.698874,-11.229
1.099077,-11.354
1.096135,-11.358
1.208668,-11.352
