Airmass,Magnitude
1.790322,-10.886
1.698874,-10.989
1.099077,-11.116
1.096135,-11.121
1.208668,-11.13
