Airmass,Magnitude
1.698874,-9.262
1.099077,-9.15
1.096135,-9.262
1.208668,-9.252
